-- phpMyAdmin SQL Dump
-- version 4.6.6deb5
-- https://www.phpmyadmin.net/
--
-- Host: localhost:3306
-- Generation Time: Mar 09, 2020 at 09:23 PM
-- Server version: 10.1.38-MariaDB-0ubuntu0.18.10.2
-- PHP Version: 7.2.20-1+ubuntu18.10.1+deb.sury.org+1

SET SQL_MODE = "NO_AUTO_VALUE_ON_ZERO";
SET time_zone = "+00:00";


/*!40101 SET @OLD_CHARACTER_SET_CLIENT=@@CHARACTER_SET_CLIENT */;
/*!40101 SET @OLD_CHARACTER_SET_RESULTS=@@CHARACTER_SET_RESULTS */;
/*!40101 SET @OLD_COLLATION_CONNECTION=@@COLLATION_CONNECTION */;
/*!40101 SET NAMES utf8mb4 */;

--
-- Database: `customer_farm`
--

-- --------------------------------------------------------

--
-- Table structure for table `customers`
--

CREATE TABLE `customers` (
  `id` int(11) UNSIGNED NOT NULL,
  `name` varchar(150) NOT NULL,
  `email` varchar(150) DEFAULT NULL,
  `address` varchar(150) DEFAULT NULL
) ENGINE=InnoDB DEFAULT CHARSET=utf8;

--
-- Dumping data for table `customers`
--

INSERT INTO `customers` (`id`, `name`, `email`, `address`) VALUES
(1, 'customer 1', 'fafafafa', 'fafafa'),
(2, 'Customer 2', 'cus@gmail.com', 'hjbkjbnyckj '),
(3, 'customer 3', 'mhgfcmyf@gmail.com', 'kytdktdf buygl');

-- --------------------------------------------------------

--
-- Table structure for table `farms`
--

CREATE TABLE `farms` (
  `id` int(11) UNSIGNED NOT NULL,
  `customers_id` int(11) UNSIGNED NOT NULL,
  `name` varchar(150) NOT NULL,
  `address` varchar(150) DEFAULT NULL
) ENGINE=InnoDB DEFAULT CHARSET=utf8;

--
-- Dumping data for table `farms`
--

INSERT INTO `farms` (`id`, `customers_id`, `name`, `address`) VALUES
(1, 1, 'farm 1', 'fgssggssggs'),
(2, 1, 'farm 2', 'kcjhhvdhjv,hjcsdzhv'),
(3, 1, 'farm 1', 'fgssggssggs'),
(4, 1, 'farm 2', 'kcjhhvdhjv,hjcsdzhv'),
(5, 2, 'farm 3 ', 'sdgfd<s<sd<'),
(6, 2, 'farm 4', 'vvf<vzvfdfzvbdbb'),
(7, 3, 'farm 5', 'vfdvafvfdvfdfd'),
(8, 3, 'farm 6', 'vfdfdfcdsscdcsda');

-- --------------------------------------------------------

--
-- Table structure for table `oauth_access_token`
--

CREATE TABLE `oauth_access_token` (
  `token_id` varchar(255) DEFAULT NULL,
  `token` mediumblob,
  `authentication_id` varchar(150) NOT NULL,
  `user_name` varchar(255) DEFAULT NULL,
  `client_id` varchar(255) DEFAULT NULL,
  `authentication` mediumblob,
  `refresh_token` varchar(255) DEFAULT NULL
) ENGINE=InnoDB DEFAULT CHARSET=utf8mb4;

--
-- Dumping data for table `oauth_access_token`
--

INSERT INTO `oauth_access_token` (`token_id`, `token`, `authentication_id`, `user_name`, `client_id`, `authentication`, `refresh_token`) VALUES
('c2cfad586f7210ba9c9a43c91cf74af1', 0xaced0005737200436f72672e737072696e676672616d65776f726b2e73656375726974792e6f61757468322e636f6d6d6f6e2e44656661756c744f4175746832416363657373546f6b656e0cb29e361b24face0200064c00156164646974696f6e616c496e666f726d6174696f6e74000f4c6a6176612f7574696c2f4d61703b4c000a65787069726174696f6e7400104c6a6176612f7574696c2f446174653b4c000c72656672657368546f6b656e74003f4c6f72672f737072696e676672616d65776f726b2f73656375726974792f6f61757468322f636f6d6d6f6e2f4f417574683252656672657368546f6b656e3b4c000573636f706574000f4c6a6176612f7574696c2f5365743b4c0009746f6b656e547970657400124c6a6176612f6c616e672f537472696e673b4c000576616c756571007e000578707372001e6a6176612e7574696c2e436f6c6c656374696f6e7324456d7074794d6170593614855adce7d0020000787070737200446f72672e737072696e676672616d65776f726b2e73656375726974792e6f61757468322e636f6d6d6f6e2e44656661756c744f417574683252656672657368546f6b656e73e10e0a6354d45e0200014c000576616c756571007e0005787074002466316238613362642d653330662d343033622d623238382d343834613261613363363130737200256a6176612e7574696c2e436f6c6c656374696f6e7324556e6d6f6469666961626c65536574801d92d18f9b80550200007872002c6a6176612e7574696c2e436f6c6c656374696f6e7324556e6d6f6469666961626c65436f6c6c656374696f6e19420080cb5ef71e0200014c0001637400164c6a6176612f7574696c2f436f6c6c656374696f6e3b7870737200176a6176612e7574696c2e4c696e6b656448617368536574d86cd75a95dd2a1e020000787200116a6176612e7574696c2e48617368536574ba44859596b8b7340300007870770c000000043f4000000000000374000472656164740005777269746574000574727573747874000662656172657274002437343638346361332d616332622d343933662d623561342d393265393935613739666537, '8b9e87212e9047f7e6365e92fc3c1048', 'marija', 'my-client', 0xaced0005737200416f72672e737072696e676672616d65776f726b2e73656375726974792e6f61757468322e70726f76696465722e4f417574683241757468656e7469636174696f6ebd400b02166252130200024c000d73746f7265645265717565737474003c4c6f72672f737072696e676672616d65776f726b2f73656375726974792f6f61757468322f70726f76696465722f4f4175746832526571756573743b4c00127573657241757468656e7469636174696f6e7400324c6f72672f737072696e676672616d65776f726b2f73656375726974792f636f72652f41757468656e7469636174696f6e3b787200476f72672e737072696e676672616d65776f726b2e73656375726974792e61757468656e7469636174696f6e2e416273747261637441757468656e7469636174696f6e546f6b656ed3aa287e6e47640e0200035a000d61757468656e746963617465644c000b617574686f7269746965737400164c6a6176612f7574696c2f436f6c6c656374696f6e3b4c000764657461696c737400124c6a6176612f6c616e672f4f626a6563743b787000737200266a6176612e7574696c2e436f6c6c656374696f6e7324556e6d6f6469666961626c654c697374fc0f2531b5ec8e100200014c00046c6973747400104c6a6176612f7574696c2f4c6973743b7872002c6a6176612e7574696c2e436f6c6c656374696f6e7324556e6d6f6469666961626c65436f6c6c656374696f6e19420080cb5ef71e0200014c00016371007e00047870737200136a6176612e7574696c2e41727261794c6973747881d21d99c7619d03000149000473697a65787000000001770400000001737200426f72672e737072696e676672616d65776f726b2e73656375726974792e636f72652e617574686f726974792e53696d706c654772616e746564417574686f7269747900000000000002080200014c0004726f6c657400124c6a6176612f6c616e672f537472696e673b787074000a524f4c455f41444d494e7871007e000c707372003a6f72672e737072696e676672616d65776f726b2e73656375726974792e6f61757468322e70726f76696465722e4f41757468325265717565737400000000000000010200075a0008617070726f7665644c000b617574686f72697469657371007e00044c000a657874656e73696f6e7374000f4c6a6176612f7574696c2f4d61703b4c000b726564697265637455726971007e000e4c00077265667265736874003b4c6f72672f737072696e676672616d65776f726b2f73656375726974792f6f61757468322f70726f76696465722f546f6b656e526571756573743b4c000b7265736f7572636549647374000f4c6a6176612f7574696c2f5365743b4c000d726573706f6e7365547970657371007e0014787200386f72672e737072696e676672616d65776f726b2e73656375726974792e6f61757468322e70726f76696465722e426173655265717565737436287a3ea37169bd0200034c0008636c69656e74496471007e000e4c001172657175657374506172616d657465727371007e00124c000573636f706571007e001478707400096d792d636c69656e74737200256a6176612e7574696c2e436f6c6c656374696f6e7324556e6d6f6469666961626c654d6170f1a5a8fe74f507420200014c00016d71007e00127870737200116a6176612e7574696c2e486173684d61700507dac1c31660d103000246000a6c6f6164466163746f724900097468726573686f6c6478703f400000000000037708000000040000000274000a6772616e745f7479706574000870617373776f7264740008757365726e616d657400066d6172696a6178737200256a6176612e7574696c2e436f6c6c656374696f6e7324556e6d6f6469666961626c65536574801d92d18f9b80550200007871007e0009737200176a6176612e7574696c2e4c696e6b656448617368536574d86cd75a95dd2a1e020000787200116a6176612e7574696c2e48617368536574ba44859596b8b7340300007870770c000000103f40000000000003740004726561647400057772697465740005747275737478017371007e0023770c000000103f40000000000000787371007e001a3f40000000000000770800000010000000007870707371007e0023770c000000103f40000000000000787371007e0023770c000000103f40000000000000787372004f6f72672e737072696e676672616d65776f726b2e73656375726974792e61757468656e7469636174696f6e2e557365726e616d6550617373776f726441757468656e7469636174696f6e546f6b656e00000000000002080200024c000b63726564656e7469616c7371007e00054c00097072696e636970616c71007e00057871007e0003017371007e00077371007e000b0000000177040000000171007e000f7871007e002f737200176a6176612e7574696c2e4c696e6b6564486173684d617034c04e5c106cc0fb0200015a000b6163636573734f726465727871007e001a3f400000000000067708000000080000000271007e001c71007e001d71007e001e71007e001f780070737200326f72672e737072696e676672616d65776f726b2e73656375726974792e636f72652e7573657264657461696c732e5573657200000000000002080200075a00116163636f756e744e6f6e457870697265645a00106163636f756e744e6f6e4c6f636b65645a001563726564656e7469616c734e6f6e457870697265645a0007656e61626c65644c000b617574686f72697469657371007e00144c000870617373776f726471007e000e4c0008757365726e616d6571007e000e7870010101017371007e0020737200116a6176612e7574696c2e54726565536574dd98509395ed875b0300007870737200466f72672e737072696e676672616d65776f726b2e73656375726974792e636f72652e7573657264657461696c732e5573657224417574686f72697479436f6d70617261746f720000000000000208020000787077040000000171007e000f78707400066d6172696a61, '2f0360c42e78ad815a7813b9958feefa');

-- --------------------------------------------------------

--
-- Table structure for table `oauth_client_details`
--

CREATE TABLE `oauth_client_details` (
  `client_id` varchar(150) NOT NULL,
  `resource_ids` varchar(255) DEFAULT NULL,
  `client_secret` varchar(255) DEFAULT NULL,
  `scope` varchar(255) DEFAULT NULL,
  `authorized_grant_types` varchar(255) DEFAULT NULL,
  `web_server_redirect_uri` varchar(255) DEFAULT NULL,
  `authorities` varchar(255) DEFAULT NULL,
  `access_token_validity` int(11) DEFAULT NULL,
  `refresh_token_validity` int(11) DEFAULT NULL,
  `additional_information` varchar(4096) DEFAULT NULL,
  `autoapprove` varchar(255) DEFAULT NULL
) ENGINE=InnoDB DEFAULT CHARSET=utf8mb4;

-- --------------------------------------------------------

--
-- Table structure for table `oauth_client_token`
--

CREATE TABLE `oauth_client_token` (
  `token_id` varchar(255) DEFAULT NULL,
  `token` mediumblob,
  `authentication_id` varchar(150) NOT NULL,
  `user_name` varchar(255) DEFAULT NULL,
  `client_id` varchar(255) DEFAULT NULL
) ENGINE=InnoDB DEFAULT CHARSET=utf8mb4;

-- --------------------------------------------------------

--
-- Table structure for table `oauth_refresh_token`
--

CREATE TABLE `oauth_refresh_token` (
  `token_id` varchar(255) DEFAULT NULL,
  `token` mediumblob,
  `authentication` mediumblob
) ENGINE=InnoDB DEFAULT CHARSET=utf8mb4;

--
-- Dumping data for table `oauth_refresh_token`
--

INSERT INTO `oauth_refresh_token` (`token_id`, `token`, `authentication`) VALUES
('2f0360c42e78ad815a7813b9958feefa', 0xaced0005737200446f72672e737072696e676672616d65776f726b2e73656375726974792e6f61757468322e636f6d6d6f6e2e44656661756c744f417574683252656672657368546f6b656e73e10e0a6354d45e0200014c000576616c75657400124c6a6176612f6c616e672f537472696e673b787074002466316238613362642d653330662d343033622d623238382d343834613261613363363130, 0xaced0005737200416f72672e737072696e676672616d65776f726b2e73656375726974792e6f61757468322e70726f76696465722e4f417574683241757468656e7469636174696f6ebd400b02166252130200024c000d73746f7265645265717565737474003c4c6f72672f737072696e676672616d65776f726b2f73656375726974792f6f61757468322f70726f76696465722f4f4175746832526571756573743b4c00127573657241757468656e7469636174696f6e7400324c6f72672f737072696e676672616d65776f726b2f73656375726974792f636f72652f41757468656e7469636174696f6e3b787200476f72672e737072696e676672616d65776f726b2e73656375726974792e61757468656e7469636174696f6e2e416273747261637441757468656e7469636174696f6e546f6b656ed3aa287e6e47640e0200035a000d61757468656e746963617465644c000b617574686f7269746965737400164c6a6176612f7574696c2f436f6c6c656374696f6e3b4c000764657461696c737400124c6a6176612f6c616e672f4f626a6563743b787000737200266a6176612e7574696c2e436f6c6c656374696f6e7324556e6d6f6469666961626c654c697374fc0f2531b5ec8e100200014c00046c6973747400104c6a6176612f7574696c2f4c6973743b7872002c6a6176612e7574696c2e436f6c6c656374696f6e7324556e6d6f6469666961626c65436f6c6c656374696f6e19420080cb5ef71e0200014c00016371007e00047870737200136a6176612e7574696c2e41727261794c6973747881d21d99c7619d03000149000473697a65787000000001770400000001737200426f72672e737072696e676672616d65776f726b2e73656375726974792e636f72652e617574686f726974792e53696d706c654772616e746564417574686f7269747900000000000002080200014c0004726f6c657400124c6a6176612f6c616e672f537472696e673b787074000a524f4c455f41444d494e7871007e000c707372003a6f72672e737072696e676672616d65776f726b2e73656375726974792e6f61757468322e70726f76696465722e4f41757468325265717565737400000000000000010200075a0008617070726f7665644c000b617574686f72697469657371007e00044c000a657874656e73696f6e7374000f4c6a6176612f7574696c2f4d61703b4c000b726564697265637455726971007e000e4c00077265667265736874003b4c6f72672f737072696e676672616d65776f726b2f73656375726974792f6f61757468322f70726f76696465722f546f6b656e526571756573743b4c000b7265736f7572636549647374000f4c6a6176612f7574696c2f5365743b4c000d726573706f6e7365547970657371007e0014787200386f72672e737072696e676672616d65776f726b2e73656375726974792e6f61757468322e70726f76696465722e426173655265717565737436287a3ea37169bd0200034c0008636c69656e74496471007e000e4c001172657175657374506172616d657465727371007e00124c000573636f706571007e001478707400096d792d636c69656e74737200256a6176612e7574696c2e436f6c6c656374696f6e7324556e6d6f6469666961626c654d6170f1a5a8fe74f507420200014c00016d71007e00127870737200116a6176612e7574696c2e486173684d61700507dac1c31660d103000246000a6c6f6164466163746f724900097468726573686f6c6478703f400000000000037708000000040000000274000a6772616e745f7479706574000870617373776f7264740008757365726e616d657400066d6172696a6178737200256a6176612e7574696c2e436f6c6c656374696f6e7324556e6d6f6469666961626c65536574801d92d18f9b80550200007871007e0009737200176a6176612e7574696c2e4c696e6b656448617368536574d86cd75a95dd2a1e020000787200116a6176612e7574696c2e48617368536574ba44859596b8b7340300007870770c000000103f40000000000003740004726561647400057772697465740005747275737478017371007e0023770c000000103f40000000000000787371007e001a3f40000000000000770800000010000000007870707371007e0023770c000000103f40000000000000787371007e0023770c000000103f40000000000000787372004f6f72672e737072696e676672616d65776f726b2e73656375726974792e61757468656e7469636174696f6e2e557365726e616d6550617373776f726441757468656e7469636174696f6e546f6b656e00000000000002080200024c000b63726564656e7469616c7371007e00054c00097072696e636970616c71007e00057871007e0003017371007e00077371007e000b0000000177040000000171007e000f7871007e002f737200176a6176612e7574696c2e4c696e6b6564486173684d617034c04e5c106cc0fb0200015a000b6163636573734f726465727871007e001a3f400000000000067708000000080000000271007e001c71007e001d71007e001e71007e001f780070737200326f72672e737072696e676672616d65776f726b2e73656375726974792e636f72652e7573657264657461696c732e5573657200000000000002080200075a00116163636f756e744e6f6e457870697265645a00106163636f756e744e6f6e4c6f636b65645a001563726564656e7469616c734e6f6e457870697265645a0007656e61626c65644c000b617574686f72697469657371007e00144c000870617373776f726471007e000e4c0008757365726e616d6571007e000e7870010101017371007e0020737200116a6176612e7574696c2e54726565536574dd98509395ed875b0300007870737200466f72672e737072696e676672616d65776f726b2e73656375726974792e636f72652e7573657264657461696c732e5573657224417574686f72697479436f6d70617261746f720000000000000208020000787077040000000171007e000f78707400066d6172696a61);

-- --------------------------------------------------------

--
-- Table structure for table `roles`
--

CREATE TABLE `roles` (
  `id` int(11) UNSIGNED NOT NULL,
  `name` varchar(50) NOT NULL
) ENGINE=InnoDB DEFAULT CHARSET=utf8;

--
-- Dumping data for table `roles`
--

INSERT INTO `roles` (`id`, `name`) VALUES
(1, 'admin'),
(2, 'user');

-- --------------------------------------------------------

--
-- Table structure for table `SPRING_SESSION`
--

CREATE TABLE `SPRING_SESSION` (
  `PRIMARY_ID` char(36) NOT NULL,
  `SESSION_ID` char(36) NOT NULL,
  `CREATION_TIME` bigint(20) NOT NULL,
  `LAST_ACCESS_TIME` bigint(20) NOT NULL,
  `MAX_INACTIVE_INTERVAL` int(11) NOT NULL,
  `EXPIRY_TIME` bigint(20) NOT NULL,
  `PRINCIPAL_NAME` varchar(100) DEFAULT NULL
) ENGINE=InnoDB DEFAULT CHARSET=utf8mb4 ROW_FORMAT=DYNAMIC;

-- --------------------------------------------------------

--
-- Table structure for table `users`
--

CREATE TABLE `users` (
  `id` int(11) UNSIGNED NOT NULL,
  `roles_id` int(11) UNSIGNED NOT NULL,
  `customers_id` int(11) UNSIGNED NOT NULL,
  `name` varchar(150) NOT NULL,
  `username` varchar(50) NOT NULL,
  `password` varchar(255) NOT NULL DEFAULT '',
  `address` varchar(150) DEFAULT NULL
) ENGINE=InnoDB DEFAULT CHARSET=utf8;

--
-- Dumping data for table `users`
--

INSERT INTO `users` (`id`, `roles_id`, `customers_id`, `name`, `username`, `password`, `address`) VALUES
(1, 1, 1, 'marija', 'marija', '123456', 'sfaafasfsa'),
(2, 2, 2, 'marija1', 'marija1', '123456', 'bffdzfzvf'),
(3, 2, 3, 'marija2', 'marija2', '123456', 'shjdx');

-- --------------------------------------------------------

--
-- Table structure for table `users_farms`
--

CREATE TABLE `users_farms` (
  `id` int(11) UNSIGNED NOT NULL,
  `users_id` int(11) UNSIGNED NOT NULL,
  `farms_id` int(11) UNSIGNED NOT NULL
) ENGINE=InnoDB DEFAULT CHARSET=utf8;

--
-- Indexes for dumped tables
--

--
-- Indexes for table `customers`
--
ALTER TABLE `customers`
  ADD PRIMARY KEY (`id`);

--
-- Indexes for table `farms`
--
ALTER TABLE `farms`
  ADD PRIMARY KEY (`id`),
  ADD UNIQUE KEY `id` (`id`),
  ADD KEY `customers_f_fk` (`customers_id`);

--
-- Indexes for table `oauth_access_token`
--
ALTER TABLE `oauth_access_token`
  ADD PRIMARY KEY (`authentication_id`);

--
-- Indexes for table `oauth_client_details`
--
ALTER TABLE `oauth_client_details`
  ADD PRIMARY KEY (`client_id`);

--
-- Indexes for table `oauth_client_token`
--
ALTER TABLE `oauth_client_token`
  ADD PRIMARY KEY (`authentication_id`);

--
-- Indexes for table `roles`
--
ALTER TABLE `roles`
  ADD PRIMARY KEY (`id`);

--
-- Indexes for table `SPRING_SESSION`
--
ALTER TABLE `SPRING_SESSION`
  ADD PRIMARY KEY (`PRIMARY_ID`),
  ADD UNIQUE KEY `SPRING_SESSION_IX1` (`SESSION_ID`),
  ADD KEY `SPRING_SESSION_IX2` (`EXPIRY_TIME`),
  ADD KEY `SPRING_SESSION_IX3` (`PRINCIPAL_NAME`);

--
-- Indexes for table `users`
--
ALTER TABLE `users`
  ADD PRIMARY KEY (`id`),
  ADD UNIQUE KEY `username` (`username`),
  ADD KEY `roles_fk` (`roles_id`),
  ADD KEY `customers_fk` (`customers_id`);

--
-- Indexes for table `users_farms`
--
ALTER TABLE `users_farms`
  ADD PRIMARY KEY (`id`),
  ADD KEY `users_farms_f_fk` (`farms_id`),
  ADD KEY `users_farms_u_fk` (`users_id`);

--
-- AUTO_INCREMENT for dumped tables
--

--
-- AUTO_INCREMENT for table `customers`
--
ALTER TABLE `customers`
  MODIFY `id` int(11) UNSIGNED NOT NULL AUTO_INCREMENT, AUTO_INCREMENT=4;
--
-- AUTO_INCREMENT for table `farms`
--
ALTER TABLE `farms`
  MODIFY `id` int(11) UNSIGNED NOT NULL AUTO_INCREMENT, AUTO_INCREMENT=9;
--
-- AUTO_INCREMENT for table `roles`
--
ALTER TABLE `roles`
  MODIFY `id` int(11) UNSIGNED NOT NULL AUTO_INCREMENT, AUTO_INCREMENT=3;
--
-- AUTO_INCREMENT for table `users`
--
ALTER TABLE `users`
  MODIFY `id` int(11) UNSIGNED NOT NULL AUTO_INCREMENT, AUTO_INCREMENT=4;
--
-- AUTO_INCREMENT for table `users_farms`
--
ALTER TABLE `users_farms`
  MODIFY `id` int(11) UNSIGNED NOT NULL AUTO_INCREMENT;
--
-- Constraints for dumped tables
--

--
-- Constraints for table `farms`
--
ALTER TABLE `farms`
  ADD CONSTRAINT `customers_f_fk` FOREIGN KEY (`customers_id`) REFERENCES `customers` (`id`);

--
-- Constraints for table `users`
--
ALTER TABLE `users`
  ADD CONSTRAINT `customers_fk` FOREIGN KEY (`customers_id`) REFERENCES `customers` (`id`),
  ADD CONSTRAINT `roles_fk` FOREIGN KEY (`roles_id`) REFERENCES `roles` (`id`);

--
-- Constraints for table `users_farms`
--
ALTER TABLE `users_farms`
  ADD CONSTRAINT `users_farms_f_fk` FOREIGN KEY (`farms_id`) REFERENCES `farms` (`id`),
  ADD CONSTRAINT `users_farms_u_fk` FOREIGN KEY (`users_id`) REFERENCES `users` (`id`);

/*!40101 SET CHARACTER_SET_CLIENT=@OLD_CHARACTER_SET_CLIENT */;
/*!40101 SET CHARACTER_SET_RESULTS=@OLD_CHARACTER_SET_RESULTS */;
/*!40101 SET COLLATION_CONNECTION=@OLD_COLLATION_CONNECTION */;
